<?xml version="1.0" encoding="UTF-8"?>
<feature
      id="org.eclipse.wst.xml_ui.feature"
      label="%featureName"
      version="3.2.3.v201102160550-7H7AFUWDxumQJOi9ghcTb5YgkwEZ"
      provider-name="%providerName"
      plugin="org.eclipse.wst.xml.ui">

   <description>
      %description
   </description>

   <copyright>
      %copyright
   </copyright>

   <license url="%licenseURL">
      %license
   </license>

   <url>
      <update label="%updateSiteName" url="http://download.eclipse.org/webtools/repository/helios"/>
   </url>

   <includes
         id="org.eclipse.wst.common_ui.feature"
         version="3.2.3.v201011031800-7C78FPlEdhO_oXWe4k_elbMgT1Lq"/>

   <includes
         id="org.eclipse.wst.xml_userdoc.feature"
         version="3.2.101.v201102161624-50FXNAkF7B77RBgFFBF"/>

   <includes
         id="org.eclipse.wst.xml_core.feature"
         version="3.2.3.v201102160550-7C7OFXcF7RZHQKIkMxMsW_"/>

   <plugin
         id="org.eclipse.wst.dtd.ui"
         download-size="0"
         install-size="0"
         version="1.0.500.v201004290328"
         unpack="false"/>

   <plugin
         id="org.eclipse.wst.dtd.ui.infopop"
         download-size="0"
         install-size="0"
         version="1.0.300.v200805140200"
         unpack="false"/>

   <plugin
         id="org.eclipse.wst.sse.ui.infopop"
         download-size="0"
         install-size="0"
         version="1.0.300.v201004150328"
         unpack="false"/>

   <plugin
         id="org.eclipse.wst.xml.ui.infopop"
         download-size="0"
         install-size="0"
         version="1.0.400.v201004292007"
         unpack="false"/>

   <plugin
         id="org.eclipse.wst.sse.ui"
         download-size="0"
         install-size="0"
         version="1.2.3.v201102102045"
         unpack="false"/>

   <plugin
         id="org.eclipse.wst.xml.ui"
         download-size="0"
         install-size="0"
         version="1.1.103.v201101122108"
         unpack="false"/>

   <plugin
         id="org.eclipse.wst.xsd.ui"
         download-size="0"
         install-size="0"
         version="1.2.304.v201101251958"
         unpack="false"/>

</feature>
