<?xml version='1.0' encoding='UTF-8'?>
<?artifactRepository version='1.1.0'?>
<repository name='Bundle pool' type='org.eclipse.equinox.p2.artifact.repository.simpleRepository' version='1'>
  <properties size='2'>
    <property name='p2.system' value='true'/>
    <property name='p2.timestamp' value='1298021509928'/>
  </properties>
  <mappings size='3'>
    <rule filter='(&amp; (classifier=osgi.bundle))' output='${repoUrl}/plugins/${id}_${version}.jar'/>
    <rule filter='(&amp; (classifier=binary))' output='${repoUrl}/binary/${id}_${version}'/>
    <rule filter='(&amp; (classifier=org.eclipse.update.feature))' output='${repoUrl}/features/${id}_${version}.jar'/>
  </mappings>
  <artifacts size='307'>
    <artifact classifier='org.eclipse.update.feature' id='org.eclipse.mylyn.bugzilla_feature' version='3.4.3.v20110131-0100-e3x-7D774BgJ9DI9YFV4CICE2KAv'>
      <properties size='1'>
        <property name='download.size' value='18394'/>
      </properties>
      <repositoryProperties size='1'>
        <property name='artifact.folder' value='true'/>
      </repositoryProperties>
    </artifact>
    <artifact classifier='osgi.bundle' id='org.eclipse.core.commands' version='3.6.0.I20100512-1500'>
      <properties size='1'>
        <property name='download.size' value='107209'/>
      </properties>
    </artifact>
    <artifact classifier='org.eclipse.update.feature' id='org.eclipse.epp.usagedata.feature' version='1.3.1.R201102081640'>
      <properties size='1'>
        <property name='download.size' value='18751'/>
      </properties>
      <repositoryProperties size='1'>
        <property name='artifact.folder' value='true'/>
      </repositoryProperties>
    </artifact>
    <artifact classifier='osgi.bundle' id='org.eclipse.ui.win32' version='3.2.200.I20100509-0800'>
      <properties size='1'>
        <property name='download.size' value='24638'/>
      </properties>
    </artifact>
    <artifact classifier='osgi.bundle' id='org.eclipse.osgi.util' version='3.2.100.v20100503'>
      <properties size='1'>
        <property name='download.size' value='23764'/>
      </properties>
    </artifact>
    <artifact classifier='osgi.bundle' id='org.eclipse.jdt.junit.runtime' version='3.4.200.v20100526-0800'>
      <properties size='1'>
        <property name='download.size' value='52238'/>
      </properties>
    </artifact>
    <artifact classifier='osgi.bundle' id='org.eclipse.equinox.ds' version='1.2.1.R36x_v20100803'>
      <properties size='1'>
        <property name='download.size' value='184119'/>
      </properties>
    </artifact>
    <artifact classifier='osgi.bundle' id='org.hamcrest.core' version='1.1.0.v20090501071000'>
      <properties size='1'>
        <property name='download.size' value='27828'/>
      </properties>
    </artifact>
    <artifact classifier='osgi.bundle' id='org.eclipse.jdt.compiler.apt' version='1.0.300.v20100513-0845'>
      <properties size='1'>
        <property name='download.size' value='152159'/>
      </properties>
    </artifact>
    <artifact classifier='osgi.bundle' id='org.eclipse.wst.server.core' version='1.1.206.v20110110'>
      <properties size='1'>
        <property name='download.size' value='356711'/>
      </properties>
    </artifact>
    <artifact classifier='osgi.bundle' id='org.junit' version='3.8.2.v3_8_2_v20100427-1100'>
      <properties size='1'>
        <property name='download.size' value='119476'/>
      </properties>
      <repositoryProperties size='1'>
        <property name='artifact.folder' value='true'/>
      </repositoryProperties>
    </artifact>
    <artifact classifier='osgi.bundle' id='org.eclipse.epp.usagedata.ui' version='1.3.1.R201102081640'>
      <properties size='1'>
        <property name='download.size' value='160460'/>
      </properties>
    </artifact>
    <artifact classifier='osgi.bundle' id='org.eclipse.mylyn.monitor.ui' version='3.4.1.v20110131-0100-e3x'>
      <properties size='1'>
        <property name='download.size' value='49488'/>
      </properties>
    </artifact>
    <artifact classifier='osgi.bundle' id='org.eclipse.equinox.p2.director.app' version='1.0.201.R36x_v20100823'>
      <properties size='1'>
        <property name='download.size' value='53983'/>
      </properties>
    </artifact>
    <artifact classifier='org.eclipse.update.feature' id='org.eclipse.help' version='1.2.1.r362_v20101111-7e7jEVFDr6xg-LSlC_z0w1D'>
      <properties size='1'>
        <property name='download.size' value='30492'/>
      </properties>
      <repositoryProperties size='1'>
        <property name='artifact.folder' value='true'/>
      </repositoryProperties>
    </artifact>
    <artifact classifier='osgi.bundle' id='org.sat4j.core' version='2.2.0.v20100429'>
      <properties size='1'>
        <property name='download.size' value='193845'/>
      </properties>
    </artifact>
    <artifact classifier='osgi.bundle' id='org.eclipse.mylyn.wikitext.textile.ui' version='1.3.0.v20100608-0100-e3x'>
      <properties size='1'>
        <property name='download.size' value='10781'/>
      </properties>
    </artifact>
    <artifact classifier='osgi.bundle' id='org.eclipse.mylyn.monitor.core' version='3.4.0.v20100608-0100-e3x'>
      <properties size='1'>
        <property name='download.size' value='36660'/>
      </properties>
    </artifact>
    <artifact classifier='osgi.bundle' id='org.eclipse.mylyn.wikitext.textile.core' version='1.3.0.v20100608-0100-e3x'>
      <properties size='1'>
        <property name='download.size' value='59283'/>
      </properties>
    </artifact>
    <artifact classifier='osgi.bundle' id='org.eclipse.jdt' version='3.6.1.v201102101200'>
      <properties size='1'>
        <property name='download.size' value='43603'/>
      </properties>
    </artifact>
    <artifact classifier='osgi.bundle' id='org.eclipse.wst.sse.ui.infopop' version='1.0.300.v201004150328'>
      <properties size='1'>
        <property name='download.size' value='9053'/>
      </properties>
    </artifact>
    <artifact classifier='osgi.bundle' id='org.eclipse.epp.mpc.help.ui' version='1.0.0.v20100826-2143'>
      <properties size='1'>
        <property name='download.size' value='544355'/>
      </properties>
    </artifact>
    <artifact classifier='osgi.bundle' id='org.eclipse.core.net.win32.x86' version='1.0.100.I20100511-0800'>
      <properties size='1'>
        <property name='download.size' value='29736'/>
      </properties>
    </artifact>
    <artifact classifier='osgi.bundle' id='org.eclipse.mylyn.tasks.core' version='3.4.2.v20110131-0300-e3x'>
      <properties size='1'>
        <property name='download.size' value='368872'/>
      </properties>
    </artifact>
    <artifact classifier='osgi.bundle' id='javax.servlet' version='2.5.0.v200910301333'>
      <properties size='1'>
        <property name='download.size' value='118873'/>
      </properties>
    </artifact>
    <artifact classifier='osgi.bundle' id='org.eclipse.ui.forms' version='3.5.2.r36_v20100702'>
      <properties size='1'>
        <property name='download.size' value='299001'/>
      </properties>
    </artifact>
    <artifact classifier='osgi.bundle' id='org.eclipse.equinox.frameworkadmin.equinox' version='1.0.200.v20100505'>
      <properties size='1'>
        <property name='download.size' value='61057'/>
      </properties>
    </artifact>
    <artifact classifier='osgi.bundle' id='org.eclipse.jface' version='3.6.2.M20110210-1200'>
      <properties size='1'>
        <property name='download.size' value='1069483'/>
      </properties>
    </artifact>
    <artifact classifier='osgi.bundle' id='org.eclipse.xsd' version='2.6.0.v20100914-1218'>
      <properties size='1'>
        <property name='download.size' value='992820'/>
      </properties>
    </artifact>
    <artifact classifier='osgi.bundle' id='org.eclipse.help' version='3.5.0.v20100524'>
      <properties size='1'>
        <property name='download.size' value='257399'/>
      </properties>
    </artifact>
    <artifact classifier='osgi.bundle' id='org.eclipse.mylyn.ide.ui' version='3.4.0.v20100608-0100-e3x'>
      <properties size='1'>
        <property name='download.size' value='34896'/>
      </properties>
    </artifact>
    <artifact classifier='osgi.bundle' id='org.eclipse.wst.validation' version='1.2.201.v201101270100'>
      <properties size='1'>
        <property name='download.size' value='405800'/>
      </properties>
    </artifact>
    <artifact classifier='osgi.bundle' id='org.eclipse.mylyn.wikitext.tracwiki.ui' version='1.3.0.v20100608-0100-e3x'>
      <properties size='1'>
        <property name='download.size' value='9095'/>
      </properties>
    </artifact>
    <artifact classifier='osgi.bundle' id='org.eclipse.core.resources' version='3.6.1.R36x_v20110131-1630'>
      <properties size='1'>
        <property name='download.size' value='774223'/>
      </properties>
    </artifact>
    <artifact classifier='osgi.bundle' id='org.eclipse.equinox.util' version='1.0.200.v20100503'>
      <properties size='1'>
        <property name='download.size' value='76822'/>
      </properties>
    </artifact>
    <artifact classifier='osgi.bundle' id='org.eclipse.mylyn.wikitext.mediawiki.core' version='1.3.0.v20100608-0100-e3x'>
      <properties size='1'>
        <property name='download.size' value='133831'/>
      </properties>
    </artifact>
    <artifact classifier='osgi.bundle' id='org.eclipse.jdt.debug' version='3.6.1.v20100715_r361'>
      <properties size='1'>
        <property name='download.size' value='815041'/>
      </properties>
      <repositoryProperties size='1'>
        <property name='artifact.folder' value='true'/>
      </repositoryProperties>
    </artifact>
    <artifact classifier='osgi.bundle' id='org.eclipse.mylyn.bugzilla.core' version='3.4.2.v20100902-0100-e3x'>
      <properties size='1'>
        <property name='download.size' value='216121'/>
      </properties>
    </artifact>
    <artifact classifier='org.eclipse.update.feature' id='org.eclipse.epp.package.java.feature' version='1.3.2.20110218-0812'>
      <properties size='1'>
        <property name='download.size' value='16899'/>
      </properties>
      <repositoryProperties size='1'>
        <property name='artifact.folder' value='true'/>
      </repositoryProperties>
    </artifact>
    <artifact classifier='osgi.bundle' id='org.apache.xmlrpc' version='3.0.0.v20100427-1100'>
      <properties size='1'>
        <property name='download.size' value='229160'/>
      </properties>
    </artifact>
    <artifact classifier='osgi.bundle' id='org.eclipse.emf.common.ui' version='2.6.0.v20100914-1218'>
      <properties size='1'>
        <property name='download.size' value='129008'/>
      </properties>
    </artifact>
    <artifact classifier='osgi.bundle' id='org.eclipse.wst.common.modulecore.ui' version='1.0.4.v201101101700'>
      <properties size='1'>
        <property name='download.size' value='130504'/>
      </properties>
    </artifact>
    <artifact classifier='osgi.bundle' id='org.eclipse.epp.package.java' version='1.3.2.20110218-0812'>
      <properties size='1'>
        <property name='download.size' value='49413'/>
      </properties>
      <repositoryProperties size='1'>
        <property name='artifact.folder' value='true'/>
      </repositoryProperties>
    </artifact>
    <artifact classifier='osgi.bundle' id='org.eclipse.equinox.p2.reconciler.dropins' version='1.1.2.R36x_v20110114'>
      <properties size='1'>
        <property name='download.size' value='44257'/>
      </properties>
    </artifact>
    <artifact classifier='org.eclipse.update.feature' id='org.eclipse.wst.common_core.feature' version='3.2.3.v201011031800-7B7DFEsF7RZHOaLfS0KpNJ'>
      <properties size='1'>
        <property name='download.size' value='30346'/>
      </properties>
      <repositoryProperties size='1'>
        <property name='artifact.folder' value='true'/>
      </repositoryProperties>
    </artifact>
    <artifact classifier='osgi.bundle' id='org.eclipse.mylyn.discovery.core' version='3.4.0.v20110131-0100-e3x'>
      <properties size='1'>
        <property name='download.size' value='79403'/>
      </properties>
    </artifact>
    <artifact classifier='osgi.bundle' id='org.sat4j.pb' version='2.2.0.v20100429'>
      <properties size='1'>
        <property name='download.size' value='121389'/>
      </properties>
    </artifact>
    <artifact classifier='osgi.bundle' id='org.eclipse.ecf.identity' version='3.1.0.v20100906-1425'>
      <properties size='1'>
        <property name='download.size' value='54618'/>
      </properties>
    </artifact>
    <artifact classifier='osgi.bundle' id='org.eclipse.equinox.p2.ui.sdk.scheduler' version='1.0.0.v20100507-1815'>
      <properties size='1'>
        <property name='download.size' value='58353'/>
      </properties>
    </artifact>
    <artifact classifier='osgi.bundle' id='org.eclipse.ui.workbench.texteditor' version='3.6.1.r361_v20100714-0800'>
      <properties size='1'>
        <property name='download.size' value='578106'/>
      </properties>
    </artifact>
    <artifact classifier='osgi.bundle' id='org.eclipse.update.ui' version='3.2.300.v20100512'>
      <properties size='1'>
        <property name='download.size' value='507184'/>
      </properties>
    </artifact>
    <artifact classifier='org.eclipse.update.feature' id='org.eclipse.wst.xml_ui.feature' version='3.2.3.v201102160550-7H7AFUWDxumQJOi9ghcTb5YgkwEZ'>
      <properties size='1'>
        <property name='download.size' value='30539'/>
      </properties>
      <repositoryProperties size='1'>
        <property name='artifact.folder' value='true'/>
      </repositoryProperties>
    </artifact>
    <artifact classifier='osgi.bundle' id='org.eclipse.jdt.doc.user' version='3.6.1.r361_v20100721-0800'>
      <properties size='1'>
        <property name='download.size' value='7602836'/>
      </properties>
    </artifact>
    <artifact classifier='osgi.bundle' id='org.eclipse.core.databinding.beans' version='1.2.100.I20100601-0800'>
      <properties size='1'>
        <property name='download.size' value='75928'/>
      </properties>
    </artifact>
    <artifact classifier='osgi.bundle' id='org.eclipse.epp.mpc.core' version='1.0.0.v20100826-2143'>
      <properties size='1'>
        <property name='download.size' value='67727'/>
      </properties>
    </artifact>
    <artifact classifier='osgi.bundle' id='org.eclipse.equinox.p2.artifact.repository' version='1.1.1.R36x_v20100901'>
      <properties size='1'>
        <property name='download.size' value='124554'/>
      </properties>
    </artifact>
    <artifact classifier='osgi.bundle' id='org.eclipse.equinox.frameworkadmin' version='2.0.0.v20100503'>
      <properties size='1'>
        <property name='download.size' value='34984'/>
      </properties>
    </artifact>
    <artifact classifier='osgi.bundle' id='org.eclipse.ui' version='3.6.2.M20110203-1100'>
      <properties size='1'>
        <property name='download.size' value='152810'/>
      </properties>
    </artifact>
    <artifact classifier='osgi.bundle' id='org.eclipse.jdt.junit' version='3.6.1.r361_v20100825-0800'>
      <properties size='1'>
        <property name='download.size' value='407203'/>
      </properties>
    </artifact>
    <artifact classifier='osgi.bundle' id='org.eclipse.emf.edit.ui' version='2.6.0.v20100914-1218'>
      <properties size='1'>
        <property name='download.size' value='164312'/>
      </properties>
    </artifact>
    <artifact classifier='osgi.bundle' id='org.apache.commons.httpclient' version='3.1.0.v201005080502'>
      <properties size='1'>
        <property name='download.size' value='321329'/>
      </properties>
    </artifact>
    <artifact classifier='osgi.bundle' id='org.eclipse.wst.common.emfworkbench.integration' version='1.2.3.v201012020600'>
      <properties size='1'>
        <property name='download.size' value='140199'/>
      </properties>
    </artifact>
    <artifact classifier='osgi.bundle' id='org.eclipse.ui.views' version='3.5.1.M20110202-0800'>
      <properties size='1'>
        <property name='download.size' value='90107'/>
      </properties>
    </artifact>
    <artifact classifier='osgi.bundle' id='org.eclipse.equinox.p2.updatesite' version='1.0.201.R36x_v20100823'>
      <properties size='1'>
        <property name='download.size' value='81628'/>
      </properties>
    </artifact>
    <artifact classifier='osgi.bundle' id='org.eclipse.equinox.p2.repository' version='2.0.2.R36x_v20110111-1500'>
      <properties size='1'>
        <property name='download.size' value='150710'/>
      </properties>
    </artifact>
    <artifact classifier='osgi.bundle' id='org.eclipse.core.filebuffers' version='3.5.100.v20100520-0800'>
      <properties size='1'>
        <property name='download.size' value='113476'/>
      </properties>
    </artifact>
    <artifact classifier='osgi.bundle' id='org.eclipse.help.ui' version='3.5.3.r36_20101116'>
      <properties size='1'>
        <property name='download.size' value='490927'/>
      </properties>
    </artifact>
    <artifact classifier='osgi.bundle' id='org.eclipse.wst.dtd.ui.infopop' version='1.0.300.v200805140200'>
      <properties size='1'>
        <property name='download.size' value='8935'/>
      </properties>
    </artifact>
    <artifact classifier='osgi.bundle' id='org.eclipse.equinox.simpleconfigurator' version='1.0.200.v20100503'>
      <properties size='1'>
        <property name='download.size' value='39333'/>
      </properties>
    </artifact>
    <artifact classifier='osgi.bundle' id='org.eclipse.ui.ide' version='3.6.2.M20101201-0800'>
      <properties size='1'>
        <property name='download.size' value='2292530'/>
      </properties>
    </artifact>
    <artifact classifier='osgi.bundle' id='org.eclipse.ant.launching' version='1.0.1.v20101020_r362'>
      <properties size='1'>
        <property name='download.size' value='149266'/>
      </properties>
    </artifact>
    <artifact classifier='osgi.bundle' id='org.eclipse.swt.win32.win32.x86' version='3.6.2.v3659c'>
      <properties size='1'>
        <property name='download.size' value='2433904'/>
      </properties>
    </artifact>
    <artifact classifier='osgi.bundle' id='org.eclipse.equinox.p2.garbagecollector' version='1.0.100.v20100503'>
      <properties size='1'>
        <property name='download.size' value='24519'/>
      </properties>
    </artifact>
    <artifact classifier='osgi.bundle' id='org.eclipse.equinox.p2.discovery' version='1.0.0.v20100503'>
      <properties size='1'>
        <property name='download.size' value='35422'/>
      </properties>
    </artifact>
    <artifact classifier='osgi.bundle' id='org.eclipse.core.externaltools' version='1.0.1.v20100831_r361'>
      <properties size='1'>
        <property name='download.size' value='39475'/>
      </properties>
    </artifact>
    <artifact classifier='osgi.bundle' id='org.eclipse.emf.ecore' version='2.6.1.v20100914-1218'>
      <properties size='1'>
        <property name='download.size' value='1231403'/>
      </properties>
    </artifact>
    <artifact classifier='osgi.bundle' id='org.eclipse.update.scheduler' version='3.2.300.v20100512'>
      <properties size='1'>
        <property name='download.size' value='31842'/>
      </properties>
    </artifact>
    <artifact classifier='osgi.bundle' id='org.eclipse.equinox.registry' version='3.5.0.v20100503'>
      <properties size='1'>
        <property name='download.size' value='182593'/>
      </properties>
    </artifact>
    <artifact classifier='osgi.bundle' id='org.eclipse.epp.usagedata.gathering' version='1.3.1.R201102081640'>
      <properties size='1'>
        <property name='download.size' value='39087'/>
      </properties>
    </artifact>
    <artifact classifier='osgi.bundle' id='org.eclipse.wst.common.emf' version='1.2.3.v201012100400'>
      <properties size='1'>
        <property name='download.size' value='213580'/>
      </properties>
    </artifact>
    <artifact classifier='org.eclipse.update.feature' id='org.eclipse.epp.mpc' version='1.0.1.v20100826-2143'>
      <properties size='1'>
        <property name='download.size' value='18212'/>
      </properties>
      <repositoryProperties size='1'>
        <property name='artifact.folder' value='true'/>
      </repositoryProperties>
    </artifact>
    <artifact classifier='osgi.bundle' id='org.eclipse.emf.ecore.xmi' version='2.5.0.v20100521-1846'>
      <properties size='1'>
        <property name='download.size' value='219248'/>
      </properties>
    </artifact>
    <artifact classifier='osgi.bundle' id='org.eclipse.equinox.p2.updatechecker' version='1.1.101.R36x_v20100823'>
      <properties size='1'>
        <property name='download.size' value='16794'/>
      </properties>
    </artifact>
    <artifact classifier='osgi.bundle' id='org.eclipse.wst.common.core' version='1.2.0.v200908252030'>
      <properties size='1'>
        <property name='download.size' value='53374'/>
      </properties>
    </artifact>
    <artifact classifier='osgi.bundle' id='org.eclipse.ecf.filetransfer' version='4.0.0.v20100906-1425'>
      <properties size='1'>
        <property name='download.size' value='51207'/>
      </properties>
    </artifact>
    <artifact classifier='osgi.bundle' id='org.eclipse.equinox.p2.director' version='2.0.3.R36x_v20101117-1018'>
      <properties size='1'>
        <property name='download.size' value='97262'/>
      </properties>
    </artifact>
    <artifact classifier='org.eclipse.update.feature' id='org.eclipse.mylyn.context_feature' version='3.4.3.v20110131-0100-e3x-777728s73543D6D135332KAv'>
      <properties size='1'>
        <property name='download.size' value='18252'/>
      </properties>
      <repositoryProperties size='1'>
        <property name='artifact.folder' value='true'/>
      </repositoryProperties>
    </artifact>
    <artifact classifier='osgi.bundle' id='org.eclipse.ant.core' version='3.2.201.v20110203_r362'>
      <properties size='1'>
        <property name='download.size' value='97488'/>
      </properties>
    </artifact>
    <artifact classifier='osgi.bundle' id='org.eclipse.mylyn.commons.xmlrpc' version='3.4.0.v20100608-0100-e3x'>
      <properties size='1'>
        <property name='download.size' value='34443'/>
      </properties>
    </artifact>
    <artifact classifier='osgi.bundle' id='org.eclipse.equinox.p2.touchpoint.natives' version='1.0.201.R36x_v20110111'>
      <properties size='1'>
        <property name='download.size' value='49918'/>
      </properties>
    </artifact>
    <artifact classifier='osgi.bundle' id='org.apache.lucene.analysis' version='1.9.1.v20100518-1140'>
      <properties size='1'>
        <property name='download.size' value='71545'/>
      </properties>
    </artifact>
    <artifact classifier='osgi.bundle' id='org.eclipse.mylyn.team.ui' version='3.4.3.v20110131-0100-e3x'>
      <properties size='1'>
        <property name='download.size' value='109275'/>
      </properties>
    </artifact>
    <artifact classifier='osgi.bundle' id='org.eclipse.equinox.p2.ui' version='2.0.0.v20100518'>
      <properties size='1'>
        <property name='download.size' value='503628'/>
      </properties>
    </artifact>
    <artifact classifier='osgi.bundle' id='org.eclipse.ui.workbench.compatibility' version='3.2.100.I20100511-0800'>
      <properties size='1'>
        <property name='download.size' value='13887'/>
      </properties>
      <repositoryProperties size='1'>
        <property name='artifact.folder' value='true'/>
      </repositoryProperties>
    </artifact>
    <artifact classifier='org.eclipse.update.feature' id='org.eclipse.mylyn_feature' version='3.4.3.v20110131-0100-e3x-7Z7f7AFBBoPbVQ7iNFebXJDypa'>
      <properties size='1'>
        <property name='download.size' value='18771'/>
      </properties>
      <repositoryProperties size='1'>
        <property name='artifact.folder' value='true'/>
      </repositoryProperties>
    </artifact>
    <artifact classifier='osgi.bundle' id='org.eclipse.jem.util' version='2.1.3.v201012070000'>
      <properties size='1'>
        <property name='download.size' value='109939'/>
      </properties>
    </artifact>
    <artifact classifier='osgi.bundle' id='org.eclipse.text' version='3.5.0.v20100601-1300'>
      <properties size='1'>
        <property name='download.size' value='248068'/>
      </properties>
    </artifact>
    <artifact classifier='osgi.bundle' id='org.eclipse.epp.mpc.ui' version='1.0.1.v20100826-2143'>
      <properties size='1'>
        <property name='download.size' value='230960'/>
      </properties>
    </artifact>
    <artifact classifier='osgi.bundle' id='org.eclipse.equinox.preferences' version='3.3.0.v20100503'>
      <properties size='1'>
        <property name='download.size' value='111095'/>
      </properties>
    </artifact>
    <artifact classifier='osgi.bundle' id='org.eclipse.mylyn.commons.net' version='3.4.1.v20100625-2100-e3x'>
      <properties size='1'>
        <property name='download.size' value='68644'/>
      </properties>
    </artifact>
    <artifact classifier='osgi.bundle' id='org.eclipse.core.expressions' version='3.4.200.v20100505'>
      <properties size='1'>
        <property name='download.size' value='86984'/>
      </properties>
    </artifact>
    <artifact classifier='osgi.bundle' id='org.eclipse.equinox.p2.repository.tools' version='2.0.1.R36x_v20100823'>
      <properties size='1'>
        <property name='download.size' value='228870'/>
      </properties>
    </artifact>
    <artifact classifier='osgi.bundle' id='org.eclipse.jdt.core' version='3.6.2.v_A76_R36x'>
      <properties size='1'>
        <property name='download.size' value='4513443'/>
      </properties>
    </artifact>
    <artifact classifier='osgi.bundle' id='org.eclipse.equinox.p2.console' version='1.0.200.v20100601'>
      <properties size='1'>
        <property name='download.size' value='23549'/>
      </properties>
    </artifact>
    <artifact classifier='osgi.bundle' id='org.eclipse.equinox.security.win32.x86' version='1.0.200.v20100503'>
      <properties size='1'>
        <property name='download.size' value='21999'/>
      </properties>
    </artifact>
    <artifact classifier='osgi.bundle' id='org.apache.ant' version='1.7.1.v20100518-1145'>
      <properties size='1'>
        <property name='download.size' value='2017573'/>
      </properties>
      <repositoryProperties size='1'>
        <property name='artifact.folder' value='true'/>
      </repositoryProperties>
    </artifact>
    <artifact classifier='osgi.bundle' id='org.eclipse.mylyn.commons.core' version='3.4.0.v20100608-0100-e3x'>
      <properties size='1'>
        <property name='download.size' value='25637'/>
      </properties>
    </artifact>
    <artifact classifier='osgi.bundle' id='org.eclipse.ui.cheatsheets' version='3.4.0.v20100427'>
      <properties size='1'>
        <property name='download.size' value='329030'/>
      </properties>
    </artifact>
    <artifact classifier='osgi.bundle' id='org.eclipse.wst.common.frameworks.ui' version='1.2.0.v201004080500'>
      <properties size='1'>
        <property name='download.size' value='147746'/>
      </properties>
    </artifact>
    <artifact classifier='osgi.bundle' id='org.eclipse.emf.edit' version='2.6.0.v20100914-1218'>
      <properties size='1'>
        <property name='download.size' value='266172'/>
      </properties>
    </artifact>
    <artifact classifier='osgi.bundle' id='org.eclipse.equinox.p2.engine' version='2.0.1.R36x_v20110201'>
      <properties size='1'>
        <property name='download.size' value='179131'/>
      </properties>
    </artifact>
    <artifact classifier='osgi.bundle' id='org.eclipse.ltk.ui.refactoring' version='3.5.0.v20100526-0800'>
      <properties size='1'>
        <property name='download.size' value='455294'/>
      </properties>
    </artifact>
    <artifact classifier='osgi.bundle' id='org.eclipse.equinox.common' version='3.6.0.v20100503'>
      <properties size='1'>
        <property name='download.size' value='101958'/>
      </properties>
    </artifact>
    <artifact classifier='osgi.bundle' id='org.eclipse.wst.common.project.facet.core' version='1.4.102.v201008170019'>
      <properties size='1'>
        <property name='download.size' value='360017'/>
      </properties>
    </artifact>
    <artifact classifier='osgi.bundle' id='org.eclipse.platform' version='3.6.2.v201102101200'>
      <properties size='1'>
        <property name='download.size' value='338265'/>
      </properties>
      <repositoryProperties size='1'>
        <property name='artifact.folder' value='true'/>
      </repositoryProperties>
    </artifact>
    <artifact classifier='osgi.bundle' id='org.eclipse.jdt.launching' version='3.5.200.v20110105_r362'>
      <properties size='1'>
        <property name='download.size' value='293901'/>
      </properties>
    </artifact>
    <artifact classifier='osgi.bundle' id='org.eclipse.mylyn.bugzilla.ui' version='3.4.3.v20110131-0100-e3x'>
      <properties size='1'>
        <property name='download.size' value='200767'/>
      </properties>
    </artifact>
    <artifact classifier='osgi.bundle' id='org.eclipse.ui.presentations.r21' version='3.2.200.I20100517-1500'>
      <properties size='1'>
        <property name='download.size' value='99352'/>
      </properties>
    </artifact>
    <artifact classifier='osgi.bundle' id='org.eclipse.jdt.junit4.runtime' version='1.1.100.v20100526-0800'>
      <properties size='1'>
        <property name='download.size' value='17630'/>
      </properties>
    </artifact>
    <artifact classifier='osgi.bundle' id='org.eclipse.emf.ecore.change' version='2.5.1.v20100907-1643'>
      <properties size='1'>
        <property name='download.size' value='102788'/>
      </properties>
    </artifact>
    <artifact classifier='osgi.bundle' id='org.eclipse.help.base' version='3.5.3.v201102101200'>
      <properties size='1'>
        <property name='download.size' value='398757'/>
      </properties>
    </artifact>
    <artifact classifier='osgi.bundle' id='org.eclipse.ui.views.properties.tabbed' version='3.5.100.I20100509-0800'>
      <properties size='1'>
        <property name='download.size' value='103957'/>
      </properties>
    </artifact>
    <artifact classifier='osgi.bundle' id='org.eclipse.equinox.p2.metadata' version='2.0.1.R36x_v20101202'>
      <properties size='1'>
        <property name='download.size' value='328299'/>
      </properties>
    </artifact>
    <artifact classifier='osgi.bundle' id='org.eclipse.ecf' version='3.1.0.v20100906-1425'>
      <properties size='1'>
        <property name='download.size' value='94416'/>
      </properties>
    </artifact>
    <artifact classifier='osgi.bundle' id='org.eclipse.mylyn.context.core' version='3.4.1.v20100909-0100-e3x'>
      <properties size='1'>
        <property name='download.size' value='109533'/>
      </properties>
    </artifact>
    <artifact classifier='osgi.bundle' id='org.eclipse.ecf.ssl' version='1.0.100.v20100906-1425'>
      <properties size='1'>
        <property name='download.size' value='11555'/>
      </properties>
    </artifact>
    <artifact classifier='osgi.bundle' id='org.eclipse.osgi' version='3.6.2.R36x_v20110210'>
      <properties size='1'>
        <property name='download.size' value='1148372'/>
      </properties>
    </artifact>
    <artifact classifier='osgi.bundle' id='org.eclipse.wst.xsdeditor.doc.user' version='1.0.800.v201005192212'>
      <properties size='1'>
        <property name='download.size' value='120858'/>
      </properties>
    </artifact>
    <artifact classifier='org.eclipse.update.feature' id='org.eclipse.mylyn.wikitext_feature' version='1.3.2.v20100916-0100-e3x-7F7e1FC7sReRSnX-DReRRMHHM'>
      <properties size='1'>
        <property name='download.size' value='18370'/>
      </properties>
      <repositoryProperties size='1'>
        <property name='artifact.folder' value='true'/>
      </repositoryProperties>
    </artifact>
    <artifact classifier='osgi.bundle' id='javax.xml.bind' version='2.0.0.v20080604-1500'>
      <properties size='1'>
        <property name='download.size' value='91792'/>
      </properties>
    </artifact>
    <artifact classifier='osgi.bundle' id='org.eclipse.equinox.p2.discovery.compatibility' version='1.0.1.v20110204-1323'>
      <properties size='1'>
        <property name='download.size' value='55407'/>
      </properties>
    </artifact>
    <artifact classifier='osgi.bundle' id='org.eclipse.mylyn.wikitext.confluence.core' version='1.3.0.v20100608-0100-e3x'>
      <properties size='1'>
        <property name='download.size' value='58743'/>
      </properties>
    </artifact>
    <artifact classifier='osgi.bundle' id='org.eclipse.osgi.services' version='3.2.100.v20100503'>
      <properties size='1'>
        <property name='download.size' value='67437'/>
      </properties>
    </artifact>
    <artifact classifier='osgi.bundle' id='org.eclipse.equinox.security.ui' version='1.0.200.v20100503'>
      <properties size='1'>
        <property name='download.size' value='214278'/>
      </properties>
    </artifact>
    <artifact classifier='osgi.bundle' id='org.eclipse.core.databinding.property' version='1.3.0.I20100601-0800'>
      <properties size='1'>
        <property name='download.size' value='167679'/>
      </properties>
    </artifact>
    <artifact classifier='osgi.bundle' id='org.eclipse.ui.net' version='1.2.100.I20100505-1245'>
      <properties size='1'>
        <property name='download.size' value='46881'/>
      </properties>
    </artifact>
    <artifact classifier='osgi.bundle' id='org.eclipse.wst.sse.doc.user' version='1.1.100.v201005192212'>
      <properties size='1'>
        <property name='download.size' value='122161'/>
      </properties>
    </artifact>
    <artifact classifier='osgi.bundle' id='org.eclipse.wst.internet.cache' version='1.0.400.v201004280700'>
      <properties size='1'>
        <property name='download.size' value='42838'/>
      </properties>
    </artifact>
    <artifact classifier='osgi.bundle' id='org.eclipse.core.databinding.observable' version='1.3.0.I20100601-0800'>
      <properties size='1'>
        <property name='download.size' value='270401'/>
      </properties>
    </artifact>
    <artifact classifier='osgi.bundle' id='org.eclipse.jdt.apt.ui' version='3.3.300.v20100513-0845'>
      <properties size='1'>
        <property name='download.size' value='67797'/>
      </properties>
    </artifact>
    <artifact classifier='org.eclipse.update.feature' id='org.eclipse.epp.package.common.feature' version='1.3.2.20110218-0812'>
      <properties size='1'>
        <property name='download.size' value='16604'/>
      </properties>
      <repositoryProperties size='1'>
        <property name='artifact.folder' value='true'/>
      </repositoryProperties>
    </artifact>
    <artifact classifier='osgi.bundle' id='org.apache.jasper' version='5.5.17.v201004212143'>
      <properties size='1'>
        <property name='download.size' value='1722559'/>
      </properties>
    </artifact>
    <artifact classifier='osgi.bundle' id='org.eclipse.wst.common.environment' version='1.0.400.v200912181832'>
      <properties size='1'>
        <property name='download.size' value='44136'/>
      </properties>
    </artifact>
    <artifact classifier='osgi.bundle' id='org.eclipse.ecf.provider.filetransfer.httpclient' version='4.0.0.v20100906-1425'>
      <properties size='1'>
        <property name='download.size' value='68428'/>
      </properties>
    </artifact>
    <artifact classifier='osgi.bundle' id='org.eclipse.core.runtime' version='3.6.0.v20100505'>
      <properties size='1'>
        <property name='download.size' value='70928'/>
      </properties>
    </artifact>
    <artifact classifier='osgi.bundle' id='org.eclipse.wst.validation.ui' version='1.2.204.v201004150700'>
      <properties size='1'>
        <property name='download.size' value='142494'/>
      </properties>
    </artifact>
    <artifact classifier='org.eclipse.update.feature' id='org.eclipse.jdt' version='3.6.2.r362_v20101117-0800-7z8XFW6FLFlmjJcvz03jyeFBLS_F'>
      <properties size='1'>
        <property name='download.size' value='30767'/>
      </properties>
      <repositoryProperties size='1'>
        <property name='artifact.folder' value='true'/>
      </repositoryProperties>
    </artifact>
    <artifact classifier='osgi.bundle' id='org.eclipse.wst.dtd.core' version='1.1.401.v201101122255'>
      <properties size='1'>
        <property name='download.size' value='408822'/>
      </properties>
    </artifact>
    <artifact classifier='osgi.bundle' id='org.eclipse.core.contenttype' version='3.4.100.v20100505-1235'>
      <properties size='1'>
        <property name='download.size' value='91927'/>
      </properties>
    </artifact>
    <artifact classifier='osgi.bundle' id='org.eclipse.compare.core' version='3.5.101.R36x_v20100929-0800'>
      <properties size='1'>
        <property name='download.size' value='61788'/>
      </properties>
    </artifact>
    <artifact classifier='osgi.bundle' id='org.eclipse.ui.workbench' version='3.6.2.M20110210-1200'>
      <properties size='1'>
        <property name='download.size' value='4133406'/>
      </properties>
    </artifact>
    <artifact classifier='osgi.bundle' id='org.eclipse.compare.win32' version='1.0.101.R36x_v20101103-0618'>
      <properties size='1'>
        <property name='download.size' value='37614'/>
      </properties>
    </artifact>
    <artifact classifier='osgi.bundle' id='org.eclipse.core.net' version='1.2.100.I20100511-0800'>
      <properties size='1'>
        <property name='download.size' value='65576'/>
      </properties>
    </artifact>
    <artifact classifier='osgi.bundle' id='org.eclipse.core.resources.win32.x86' version='3.5.100.v20100505-1345'>
      <properties size='1'>
        <property name='download.size' value='17002'/>
      </properties>
    </artifact>
    <artifact classifier='osgi.bundle' id='org.eclipse.rcp' version='3.6.0.v201102101200'>
      <properties size='1'>
        <property name='download.size' value='14141'/>
      </properties>
    </artifact>
    <artifact classifier='osgi.bundle' id='org.eclipse.equinox.p2.publisher' version='1.1.2.v20100824-2220'>
      <properties size='1'>
        <property name='download.size' value='279659'/>
      </properties>
    </artifact>
    <artifact classifier='osgi.bundle' id='org.eclipse.wst.common.infopop' version='1.0.300.v201004280700'>
      <properties size='1'>
        <property name='download.size' value='7765'/>
      </properties>
    </artifact>
    <artifact classifier='osgi.bundle' id='org.eclipse.mylyn.tasks.bugs' version='3.4.1.v20100823-0100-e3x'>
      <properties size='1'>
        <property name='download.size' value='86555'/>
      </properties>
    </artifact>
    <artifact classifier='osgi.bundle' id='org.eclipse.epp.usagedata.recording' version='1.3.1.R201102081640'>
      <properties size='1'>
        <property name='download.size' value='47334'/>
      </properties>
    </artifact>
    <artifact classifier='osgi.bundle' id='org.junit4' version='4.8.1.v20100525'>
      <properties size='1'>
        <property name='download.size' value='6022'/>
      </properties>
      <repositoryProperties size='1'>
        <property name='artifact.folder' value='true'/>
      </repositoryProperties>
    </artifact>
    <artifact classifier='osgi.bundle' id='org.eclipse.equinox.p2.operations' version='2.0.0.v20100510'>
      <properties size='1'>
        <property name='download.size' value='49520'/>
      </properties>
    </artifact>
    <artifact classifier='osgi.bundle' id='org.eclipse.jface.text' version='3.6.1.r361_v20100825-0800'>
      <properties size='1'>
        <property name='download.size' value='977596'/>
      </properties>
    </artifact>
    <artifact classifier='osgi.bundle' id='org.eclipse.ui.editors' version='3.6.1.r361_v20100825-0800'>
      <properties size='1'>
        <property name='download.size' value='556337'/>
      </properties>
    </artifact>
    <artifact classifier='osgi.bundle' id='org.eclipse.update.core' version='3.2.402.R36x_v20100629'>
      <properties size='1'>
        <property name='download.size' value='598198'/>
      </properties>
    </artifact>
    <artifact classifier='osgi.bundle' id='org.eclipse.team.ui' version='3.5.102.R36x_v20110203-1036'>
      <properties size='1'>
        <property name='download.size' value='1427327'/>
      </properties>
    </artifact>
    <artifact classifier='osgi.bundle' id='org.apache.commons.codec' version='1.3.0.v20100518-1140'>
      <properties size='1'>
        <property name='download.size' value='55003'/>
      </properties>
    </artifact>
    <artifact classifier='osgi.bundle' id='org.eclipse.help.appserver' version='3.1.400.v20100427'>
      <properties size='1'>
        <property name='download.size' value='18308'/>
      </properties>
    </artifact>
    <artifact classifier='osgi.bundle' id='org.eclipse.wst.xml.ui' version='1.1.103.v201101122108'>
      <properties size='1'>
        <property name='download.size' value='940087'/>
      </properties>
    </artifact>
    <artifact classifier='osgi.bundle' id='org.eclipse.mylyn.wikitext.core' version='1.3.1.v20100823-0100-e3x'>
      <properties size='1'>
        <property name='download.size' value='307823'/>
      </properties>
    </artifact>
    <artifact classifier='osgi.bundle' id='org.eclipse.mylyn.discovery.ui' version='3.4.0.v20110131-0100-e3x'>
      <properties size='1'>
        <property name='download.size' value='99069'/>
      </properties>
    </artifact>
    <artifact classifier='osgi.bundle' id='org.eclipse.update.configurator' version='3.3.100.v20100512'>
      <properties size='1'>
        <property name='download.size' value='99899'/>
      </properties>
    </artifact>
    <artifact classifier='osgi.bundle' id='org.eclipse.ecf.provider.filetransfer.ssl' version='1.0.0.v20100906-1425'>
      <properties size='1'>
        <property name='download.size' value='8467'/>
      </properties>
    </artifact>
    <artifact classifier='osgi.bundle' id='org.eclipse.mylyn.bugzilla.ide' version='3.4.1.v20110131-0100-e3x'>
      <properties size='1'>
        <property name='download.size' value='12713'/>
      </properties>
    </artifact>
    <artifact classifier='osgi.bundle' id='org.eclipse.mylyn.commons.ui' version='3.4.0.v20100608-0100-e3x'>
      <properties size='1'>
        <property name='download.size' value='401298'/>
      </properties>
    </artifact>
    <artifact classifier='osgi.bundle' id='org.eclipse.mylyn.wikitext.help.ui' version='1.3.0.v20100608-0100-e3x'>
      <properties size='1'>
        <property name='download.size' value='1246074'/>
      </properties>
    </artifact>
    <artifact classifier='osgi.bundle' id='org.apache.commons.lang' version='2.3.0.v201005080501'>
      <properties size='1'>
        <property name='download.size' value='259489'/>
      </properties>
    </artifact>
    <artifact classifier='osgi.bundle' id='org.eclipse.equinox.http.registry' version='1.1.1.R36x_v20101103'>
      <properties size='1'>
        <property name='download.size' value='44004'/>
      </properties>
    </artifact>
    <artifact classifier='osgi.bundle' id='javax.servlet.jsp' version='2.0.0.v200806031607'>
      <properties size='1'>
        <property name='download.size' value='63889'/>
      </properties>
    </artifact>
    <artifact classifier='osgi.bundle' id='org.eclipse.help.webapp' version='3.5.3.r36_20101130'>
      <properties size='1'>
        <property name='download.size' value='526698'/>
      </properties>
    </artifact>
    <artifact classifier='osgi.bundle' id='org.eclipse.jdt.apt.pluggable.core' version='1.0.301.R36_v20100727-0110'>
      <properties size='1'>
        <property name='download.size' value='32480'/>
      </properties>
    </artifact>
    <artifact classifier='osgi.bundle' id='org.eclipse.mylyn.tasks.search' version='3.4.0.v20100608-0100-e3x'>
      <properties size='1'>
        <property name='download.size' value='66027'/>
      </properties>
    </artifact>
    <artifact classifier='osgi.bundle' id='org.eclipse.jface.databinding' version='1.4.0.I20100601-0800'>
      <properties size='1'>
        <property name='download.size' value='268068'/>
      </properties>
    </artifact>
    <artifact classifier='osgi.bundle' id='org.eclipse.search' version='3.6.0.v20100520-0800'>
      <properties size='1'>
        <property name='download.size' value='465499'/>
      </properties>
    </artifact>
    <artifact classifier='osgi.bundle' id='org.eclipse.jdt.junit.core' version='3.6.1.r361_v20100825-0800'>
      <properties size='1'>
        <property name='download.size' value='142104'/>
      </properties>
    </artifact>
    <artifact classifier='osgi.bundle' id='org.eclipse.wst.xml.ui.infopop' version='1.0.400.v201004292007'>
      <properties size='1'>
        <property name='download.size' value='16351'/>
      </properties>
    </artifact>
    <artifact classifier='osgi.bundle' id='org.eclipse.equinox.launcher.win32.win32.x86' version='1.1.2.R36x_v20101222'>
      <properties size='1'>
        <property name='download.size' value='25740'/>
      </properties>
      <repositoryProperties size='1'>
        <property name='artifact.folder' value='true'/>
      </repositoryProperties>
    </artifact>
    <artifact classifier='osgi.bundle' id='org.eclipse.ui.console' version='3.5.0.v20100526'>
      <properties size='1'>
        <property name='download.size' value='159947'/>
      </properties>
    </artifact>
    <artifact classifier='osgi.bundle' id='org.eclipse.wst.common.modulecore' version='1.2.5.v201101270100'>
      <properties size='1'>
        <property name='download.size' value='375986'/>
      </properties>
    </artifact>
    <artifact classifier='org.eclipse.update.feature' id='org.eclipse.wst.common_ui.feature' version='3.2.3.v201011031800-7C78FPlEdhO_oXWe4k_elbMgT1Lq'>
      <properties size='1'>
        <property name='download.size' value='30362'/>
      </properties>
      <repositoryProperties size='1'>
        <property name='artifact.folder' value='true'/>
      </repositoryProperties>
    </artifact>
    <artifact classifier='osgi.bundle' id='org.apache.commons.el' version='1.0.0.v201004212143'>
      <properties size='1'>
        <property name='download.size' value='128694'/>
      </properties>
    </artifact>
    <artifact classifier='osgi.bundle' id='org.eclipse.wst.xsd.core' version='1.1.503.v201011121919'>
      <properties size='1'>
        <property name='download.size' value='70886'/>
      </properties>
    </artifact>
    <artifact classifier='osgi.bundle' id='org.apache.ws.commons.util' version='1.0.0.v20100518-1135'>
      <properties size='1'>
        <property name='download.size' value='43545'/>
      </properties>
    </artifact>
    <artifact classifier='osgi.bundle' id='org.eclipse.mylyn.wikitext.tracwiki.core' version='1.3.0.v20100608-0100-e3x'>
      <properties size='1'>
        <property name='download.size' value='57662'/>
      </properties>
    </artifact>
    <artifact classifier='osgi.bundle' id='org.eclipse.mylyn' version='3.4.0.v20110131-0200-e3x'>
      <properties size='1'>
        <property name='download.size' value='8313'/>
      </properties>
    </artifact>
    <artifact classifier='osgi.bundle' id='org.eclipse.mylyn.wikitext.twiki.ui' version='1.3.0.v20100608-0100-e3x'>
      <properties size='1'>
        <property name='download.size' value='8956'/>
      </properties>
    </artifact>
    <artifact classifier='osgi.bundle' id='org.apache.xerces' version='2.9.0.v201005080400'>
      <properties size='1'>
        <property name='download.size' value='1301768'/>
      </properties>
    </artifact>
    <artifact classifier='osgi.bundle' id='org.eclipse.core.databinding' version='1.3.100.I20100601-0800'>
      <properties size='1'>
        <property name='download.size' value='199755'/>
      </properties>
    </artifact>
    <artifact classifier='osgi.bundle' id='com.ibm.icu' version='4.2.1.v20100412'>
      <properties size='1'>
        <property name='download.size' value='6451214'/>
      </properties>
    </artifact>
    <artifact classifier='osgi.bundle' id='org.eclipse.wst.dtdeditor.doc.user' version='1.0.600.v201005192212'>
      <properties size='1'>
        <property name='download.size' value='38436'/>
      </properties>
    </artifact>
    <artifact classifier='osgi.bundle' id='org.eclipse.debug.ui' version='3.6.3.v20101201_r362'>
      <properties size='1'>
        <property name='download.size' value='2559779'/>
      </properties>
    </artifact>
    <artifact classifier='osgi.bundle' id='org.eclipse.wst.xsd.ui' version='1.2.304.v201101251958'>
      <properties size='1'>
        <property name='download.size' value='1286162'/>
      </properties>
    </artifact>
    <artifact classifier='osgi.bundle' id='org.eclipse.jdt.apt.core' version='3.3.402.R36_v20110120-1000'>
      <properties size='1'>
        <property name='download.size' value='364098'/>
      </properties>
    </artifact>
    <artifact classifier='osgi.bundle' id='org.eclipse.wst.common.snippets' version='1.2.2.v201101130441'>
      <properties size='1'>
        <property name='download.size' value='271646'/>
      </properties>
    </artifact>
    <artifact classifier='osgi.bundle' id='org.eclipse.mylyn.help.ui' version='3.4.2.v20110131-0100-e3x'>
      <properties size='1'>
        <property name='download.size' value='2113337'/>
      </properties>
    </artifact>
    <artifact classifier='osgi.bundle' id='org.eclipse.mylyn.wikitext.twiki.core' version='1.3.0.v20100608-0100-e3x'>
      <properties size='1'>
        <property name='download.size' value='45125'/>
      </properties>
    </artifact>
    <artifact classifier='osgi.bundle' id='org.eclipse.equinox.p2.ui.discovery' version='1.0.0.v20100519'>
      <properties size='1'>
        <property name='download.size' value='149409'/>
      </properties>
    </artifact>
    <artifact classifier='org.eclipse.update.feature' id='org.eclipse.mylyn.ide_feature' version='3.4.3.v20110131-0100-e3x-7G7J5BgJ9EC9QKN49E997JSm'>
      <properties size='1'>
        <property name='download.size' value='18355'/>
      </properties>
      <repositoryProperties size='1'>
        <property name='artifact.folder' value='true'/>
      </repositoryProperties>
    </artifact>
    <artifact classifier='osgi.bundle' id='org.eclipse.wst.common.frameworks' version='1.2.0.v201003040800'>
      <properties size='1'>
        <property name='download.size' value='114319'/>
      </properties>
    </artifact>
    <artifact classifier='osgi.bundle' id='org.eclipse.equinox.launcher' version='1.1.1.R36x_v20101122_1400'>
      <properties size='1'>
        <property name='download.size' value='47201'/>
      </properties>
    </artifact>
    <artifact classifier='osgi.bundle' id='org.eclipse.wst.common.uriresolver' version='1.1.401.v201004280700'>
      <properties size='1'>
        <property name='download.size' value='39671'/>
      </properties>
    </artifact>
    <artifact classifier='osgi.bundle' id='org.eclipse.ui.views.log' version='1.0.100.v20110210_r362'>
      <properties size='1'>
        <property name='download.size' value='138410'/>
      </properties>
    </artifact>
    <artifact classifier='osgi.bundle' id='org.eclipse.equinox.concurrent' version='1.0.100.v20100503'>
      <properties size='1'>
        <property name='download.size' value='19900'/>
      </properties>
    </artifact>
    <artifact classifier='osgi.bundle' id='org.eclipse.ecf.provider.filetransfer.httpclient.ssl' version='1.0.0.v20100906-1425'>
      <properties size='1'>
        <property name='download.size' value='16727'/>
      </properties>
    </artifact>
    <artifact classifier='osgi.bundle' id='org.eclipse.cvs' version='1.0.500.v201102101200'>
      <properties size='1'>
        <property name='download.size' value='14149'/>
      </properties>
    </artifact>
    <artifact classifier='osgi.bundle' id='org.eclipse.mylyn.ide.ant' version='3.4.0.v20100608-0100-e3x'>
      <properties size='1'>
        <property name='download.size' value='24512'/>
      </properties>
    </artifact>
    <artifact classifier='osgi.bundle' id='org.eclipse.platform.doc.user' version='3.6.2.r362_v20101117-0800'>
      <properties size='1'>
        <property name='download.size' value='7600968'/>
      </properties>
    </artifact>
    <artifact classifier='org.eclipse.update.feature' id='org.eclipse.equinox.p2.user.ui' version='2.0.1.r361_v20100903-897HFa-FX0z-z-ntoaavz0JPX628'>
      <properties size='1'>
        <property name='download.size' value='30721'/>
      </properties>
      <repositoryProperties size='1'>
        <property name='artifact.folder' value='true'/>
      </repositoryProperties>
    </artifact>
    <artifact classifier='osgi.bundle' id='org.eclipse.equinox.simpleconfigurator.manipulator' version='2.0.0.v20100503'>
      <properties size='1'>
        <property name='download.size' value='22826'/>
      </properties>
    </artifact>
    <artifact classifier='osgi.bundle' id='org.eclipse.equinox.p2.core' version='2.0.3.R36x_v20110111'>
      <properties size='1'>
        <property name='download.size' value='67097'/>
      </properties>
    </artifact>
    <artifact classifier='osgi.bundle' id='org.eclipse.core.runtime.compatibility' version='3.2.100.v20100505'>
      <properties size='1'>
        <property name='download.size' value='92803'/>
      </properties>
    </artifact>
    <artifact classifier='osgi.bundle' id='org.eclipse.core.filesystem' version='1.3.1.R36x_v20100727-0745'>
      <properties size='1'>
        <property name='download.size' value='52709'/>
      </properties>
    </artifact>
    <artifact classifier='osgi.bundle' id='org.eclipse.ltk.core.refactoring' version='3.5.101.r362_v20101117-0800'>
      <properties size='1'>
        <property name='download.size' value='322585'/>
      </properties>
    </artifact>
    <artifact classifier='org.eclipse.update.feature' id='org.eclipse.wst.xml_core.feature' version='3.2.3.v201102160550-7C7OFXcF7RZHQKIkMxMsW_'>
      <properties size='1'>
        <property name='download.size' value='30359'/>
      </properties>
      <repositoryProperties size='1'>
        <property name='artifact.folder' value='true'/>
      </repositoryProperties>
    </artifact>
    <artifact classifier='osgi.bundle' id='org.eclipse.mylyn.context.ui' version='3.4.2.v20110131-0100-e3x'>
      <properties size='1'>
        <property name='download.size' value='225494'/>
      </properties>
    </artifact>
    <artifact classifier='osgi.bundle' id='org.eclipse.mylyn.wikitext.confluence.ui' version='1.3.0.v20100608-0100-e3x'>
      <properties size='1'>
        <property name='download.size' value='10384'/>
      </properties>
    </artifact>
    <artifact classifier='org.eclipse.update.feature' id='org.eclipse.platform' version='3.6.2.r362_v20110210-9gF78Gs1FrIGnHDHWkEcopoN8AmxeZflGDGKQi'>
      <properties size='1'>
        <property name='download.size' value='31704'/>
      </properties>
      <repositoryProperties size='1'>
        <property name='artifact.folder' value='true'/>
      </repositoryProperties>
    </artifact>
    <artifact classifier='osgi.bundle' id='org.eclipse.equinox.jsp.jasper.registry' version='1.0.200.v20100503'>
      <properties size='1'>
        <property name='download.size' value='11131'/>
      </properties>
    </artifact>
    <artifact classifier='org.eclipse.update.feature' id='org.eclipse.wst.xml_userdoc.feature' version='3.2.101.v201102161624-50FXNAkF7B77RBgFFBF'>
      <properties size='1'>
        <property name='download.size' value='30227'/>
      </properties>
      <repositoryProperties size='1'>
        <property name='artifact.folder' value='true'/>
      </repositoryProperties>
    </artifact>
    <artifact classifier='osgi.bundle' id='org.apache.xml.serializer' version='2.7.1.v201005080400'>
      <properties size='1'>
        <property name='download.size' value='293201'/>
      </properties>
    </artifact>
    <artifact classifier='osgi.bundle' id='org.eclipse.mylyn.tasks.ui' version='3.4.3.v20110131-0100-e3x'>
      <properties size='1'>
        <property name='download.size' value='1613427'/>
      </properties>
    </artifact>
    <artifact classifier='osgi.bundle' id='org.eclipse.equinox.p2.extensionlocation' version='1.2.0.v20100518'>
      <properties size='1'>
        <property name='download.size' value='33908'/>
      </properties>
    </artifact>
    <artifact classifier='osgi.bundle' id='org.eclipse.wst.validation.infopop' version='1.0.300.v200806041506'>
      <properties size='1'>
        <property name='download.size' value='9337'/>
      </properties>
    </artifact>
    <artifact classifier='org.eclipse.update.feature' id='org.eclipse.equinox.p2.discovery.feature' version='1.0.1.R36x_v20110210-4-09oB5865H6L02434'>
      <properties size='1'>
        <property name='download.size' value='17399'/>
      </properties>
      <repositoryProperties size='1'>
        <property name='artifact.folder' value='true'/>
      </repositoryProperties>
    </artifact>
    <artifact classifier='osgi.bundle' id='org.eclipse.ui.browser' version='3.3.1.r36_20101216'>
      <properties size='1'>
        <property name='download.size' value='188889'/>
      </properties>
    </artifact>
    <artifact classifier='osgi.bundle' id='org.eclipse.draw2d' version='3.6.2.v20110128-0100'>
      <properties size='1'>
        <property name='download.size' value='554312'/>
      </properties>
    </artifact>
    <artifact classifier='osgi.bundle' id='org.eclipse.equinox.p2.ql' version='2.0.0.v20100503a'>
      <properties size='1'>
        <property name='download.size' value='7799'/>
      </properties>
    </artifact>
    <artifact classifier='osgi.bundle' id='org.eclipse.debug.core' version='3.6.0.v20100519'>
      <properties size='1'>
        <property name='download.size' value='342641'/>
      </properties>
    </artifact>
    <artifact classifier='osgi.bundle' id='org.eclipse.jdt.debug.ui' version='3.5.2.v20100928a_r362'>
      <properties size='1'>
        <property name='download.size' value='1332504'/>
      </properties>
    </artifact>
    <artifact classifier='osgi.bundle' id='org.eclipse.jdt.core.manipulation' version='1.3.0.v20100520-0800'>
      <properties size='1'>
        <property name='download.size' value='85887'/>
      </properties>
    </artifact>
    <artifact classifier='osgi.bundle' id='org.eclipse.mylyn.resources.ui' version='3.4.1.v20100909-0100-e3x'>
      <properties size='1'>
        <property name='download.size' value='63469'/>
      </properties>
    </artifact>
    <artifact classifier='osgi.bundle' id='org.eclipse.ant.ui' version='3.5.0.v20100427'>
      <properties size='1'>
        <property name='download.size' value='954264'/>
      </properties>
    </artifact>
    <artifact classifier='osgi.bundle' id='org.eclipse.core.runtime.compatibility.registry' version='3.3.0.v20100520'>
      <properties size='1'>
        <property name='download.size' value='16894'/>
      </properties>
      <repositoryProperties size='1'>
        <property name='artifact.folder' value='true'/>
      </repositoryProperties>
    </artifact>
    <artifact classifier='osgi.bundle' id='org.eclipse.core.jobs' version='3.5.1.R36x_v20100824'>
      <properties size='1'>
        <property name='download.size' value='90875'/>
      </properties>
    </artifact>
    <artifact classifier='osgi.bundle' id='org.eclipse.equinox.p2.directorywatcher' version='1.0.203.R36x_v20101220'>
      <properties size='1'>
        <property name='download.size' value='31645'/>
      </properties>
    </artifact>
    <artifact classifier='osgi.bundle' id='org.eclipse.emf.ecore.edit' version='2.6.0.v20100914-1218'>
      <properties size='1'>
        <property name='download.size' value='124158'/>
      </properties>
    </artifact>
    <artifact classifier='osgi.bundle' id='org.eclipse.epp.package.common' version='1.3.2.20110218-0812'>
      <properties size='1'>
        <property name='download.size' value='8163'/>
      </properties>
    </artifact>
    <artifact classifier='org.eclipse.update.feature' id='org.eclipse.mylyn.team_feature' version='3.4.3.v20110131-0200-e3x-4327w31221242012110f4y'>
      <properties size='1'>
        <property name='download.size' value='18248'/>
      </properties>
      <repositoryProperties size='1'>
        <property name='artifact.folder' value='true'/>
      </repositoryProperties>
    </artifact>
    <artifact classifier='osgi.bundle' id='org.mortbay.jetty.util' version='6.1.23.v201004211559'>
      <properties size='1'>
        <property name='download.size' value='192846'/>
      </properties>
    </artifact>
    <artifact classifier='osgi.bundle' id='org.eclipse.mylyn.team.cvs' version='3.4.2.v20110131-0100-e3x'>
      <properties size='1'>
        <property name='download.size' value='19632'/>
      </properties>
    </artifact>
    <artifact classifier='osgi.bundle' id='org.eclipse.wst.common.ui' version='1.1.500.v200911190730'>
      <properties size='1'>
        <property name='download.size' value='141358'/>
      </properties>
    </artifact>
    <artifact classifier='osgi.bundle' id='org.apache.xml.resolver' version='1.2.0.v201005080400'>
      <properties size='1'>
        <property name='download.size' value='96362'/>
      </properties>
    </artifact>
    <artifact classifier='osgi.bundle' id='org.eclipse.ui.intro.universal' version='3.2.402.r36_v20100702'>
      <properties size='1'>
        <property name='download.size' value='1634976'/>
      </properties>
      <repositoryProperties size='1'>
        <property name='artifact.folder' value='true'/>
      </repositoryProperties>
    </artifact>
    <artifact classifier='osgi.bundle' id='org.eclipse.jsch.ui' version='1.1.300.I20100505-1245'>
      <properties size='1'>
        <property name='download.size' value='88651'/>
      </properties>
    </artifact>
    <artifact classifier='org.eclipse.update.feature' id='org.eclipse.mylyn.java_feature' version='3.4.3.v20110131-0100-e3x-7D7F-AkF7B77V7c37B775eMp'>
      <properties size='1'>
        <property name='download.size' value='18345'/>
      </properties>
      <repositoryProperties size='1'>
        <property name='artifact.folder' value='true'/>
      </repositoryProperties>
    </artifact>
    <artifact classifier='osgi.bundle' id='org.eclipse.equinox.jsp.jasper' version='1.0.201.R36x_v20101103'>
      <properties size='1'>
        <property name='download.size' value='24066'/>
      </properties>
    </artifact>
    <artifact classifier='osgi.bundle' id='org.eclipse.equinox.security' version='1.0.200.v20100503'>
      <properties size='1'>
        <property name='download.size' value='106100'/>
      </properties>
    </artifact>
    <artifact classifier='osgi.bundle' id='javax.xml' version='1.3.4.v201005080400'>
      <properties size='1'>
        <property name='download.size' value='237990'/>
      </properties>
    </artifact>
    <artifact classifier='osgi.bundle' id='org.eclipse.wst.sse.ui' version='1.2.3.v201102102045'>
      <properties size='1'>
        <property name='download.size' value='961377'/>
      </properties>
    </artifact>
    <artifact classifier='osgi.bundle' id='org.eclipse.core.variables' version='3.2.400.v20100505'>
      <properties size='1'>
        <property name='download.size' value='33006'/>
      </properties>
    </artifact>
    <artifact classifier='osgi.bundle' id='org.eclipse.wst.xmleditor.doc.user' version='1.0.700.v201005192212'>
      <properties size='1'>
        <property name='download.size' value='129725'/>
      </properties>
    </artifact>
    <artifact classifier='osgi.bundle' id='org.eclipse.equinox.p2.ui.sdk' version='1.0.100.v20100513'>
      <properties size='1'>
        <property name='download.size' value='39203'/>
      </properties>
    </artifact>
    <artifact classifier='osgi.bundle' id='org.eclipse.wst.standard.schemas' version='1.0.300.v201004110600'>
      <properties size='1'>
        <property name='download.size' value='156222'/>
      </properties>
    </artifact>
    <artifact classifier='osgi.bundle' id='org.eclipse.ui.ide.application' version='1.0.201.M20100707-0800'>
      <properties size='1'>
        <property name='download.size' value='63847'/>
      </properties>
    </artifact>
    <artifact classifier='osgi.bundle' id='org.eclipse.wst.xml.core' version='1.1.503.v201102102045'>
      <properties size='1'>
        <property name='download.size' value='723670'/>
      </properties>
    </artifact>
    <artifact classifier='osgi.bundle' id='org.eclipse.swt' version='3.6.2.v3659c'>
      <properties size='1'>
        <property name='download.size' value='17322'/>
      </properties>
    </artifact>
    <artifact classifier='osgi.bundle' id='org.eclipse.emf.common' version='2.6.0.v20100914-1218'>
      <properties size='1'>
        <property name='download.size' value='211652'/>
      </properties>
    </artifact>
    <artifact classifier='osgi.bundle' id='org.eclipse.equinox.app' version='1.3.1.R36x_v20100803'>
      <properties size='1'>
        <property name='download.size' value='83838'/>
      </properties>
    </artifact>
    <artifact classifier='osgi.bundle' id='org.eclipse.equinox.event' version='1.2.0.v20100503'>
      <properties size='1'>
        <property name='download.size' value='30583'/>
      </properties>
    </artifact>
    <artifact classifier='osgi.bundle' id='org.eclipse.gef' version='3.6.2.v20110110-2020'>
      <properties size='1'>
        <property name='download.size' value='831763'/>
      </properties>
    </artifact>
    <artifact classifier='osgi.bundle' id='org.eclipse.equinox.http.servlet' version='1.1.0.v20100503'>
      <properties size='1'>
        <property name='download.size' value='42505'/>
      </properties>
    </artifact>
    <artifact classifier='osgi.bundle' id='org.eclipse.core.filesystem.win32.x86' version='1.1.201.R36x_v20100727-0745'>
      <properties size='1'>
        <property name='download.size' value='30065'/>
      </properties>
    </artifact>
    <artifact classifier='osgi.bundle' id='org.eclipse.wst.sse.core' version='1.1.504.v201102160550'>
      <properties size='1'>
        <property name='download.size' value='437495'/>
      </properties>
    </artifact>
    <artifact classifier='osgi.bundle' id='org.eclipse.team.cvs.ssh2' version='3.2.300.I20100526-0800'>
      <properties size='1'>
        <property name='download.size' value='26903'/>
      </properties>
    </artifact>
    <artifact classifier='osgi.bundle' id='org.eclipse.xsd.edit' version='2.6.0.v20100914-1218'>
      <properties size='1'>
        <property name='download.size' value='222002'/>
      </properties>
    </artifact>
    <artifact classifier='osgi.bundle' id='org.eclipse.ui.intro' version='3.4.0.v20100427'>
      <properties size='1'>
        <property name='download.size' value='308486'/>
      </properties>
    </artifact>
    <artifact classifier='osgi.bundle' id='org.eclipse.equinox.p2.jarprocessor' version='1.0.200.v20100503a'>
      <properties size='1'>
        <property name='download.size' value='66999'/>
      </properties>
    </artifact>
    <artifact classifier='osgi.bundle' id='org.eclipse.ui.navigator' version='3.5.0.I20100601-0800'>
      <properties size='1'>
        <property name='download.size' value='404868'/>
      </properties>
    </artifact>
    <artifact classifier='osgi.bundle' id='org.eclipse.jsch.core' version='1.1.200.I20100505-1245'>
      <properties size='1'>
        <property name='download.size' value='35372'/>
      </properties>
    </artifact>
    <artifact classifier='osgi.bundle' id='org.eclipse.equinox.http.jetty' version='2.0.0.v20100503'>
      <properties size='1'>
        <property name='download.size' value='24294'/>
      </properties>
    </artifact>
    <artifact classifier='osgi.bundle' id='org.eclipse.ui.navigator.resources' version='3.4.202.M20101124-0800'>
      <properties size='1'>
        <property name='download.size' value='118843'/>
      </properties>
    </artifact>
    <artifact classifier='osgi.bundle' id='org.eclipse.equinox.p2.touchpoint.eclipse' version='2.0.3.R36x_v20101202'>
      <properties size='1'>
        <property name='download.size' value='117528'/>
      </properties>
    </artifact>
    <artifact classifier='osgi.bundle' id='org.eclipse.jdt.compiler.tool' version='1.0.100.v_A76_R36x'>
      <properties size='1'>
        <property name='download.size' value='55102'/>
      </properties>
    </artifact>
    <artifact classifier='osgi.bundle' id='org.eclipse.mylyn.java.tasks' version='3.4.0.v20100608-0100-e3x'>
      <properties size='1'>
        <property name='download.size' value='19833'/>
      </properties>
    </artifact>
    <artifact classifier='osgi.bundle' id='org.eclipse.equinox.p2.metadata.repository' version='1.1.0.v20100513'>
      <properties size='1'>
        <property name='download.size' value='108925'/>
      </properties>
    </artifact>
    <artifact classifier='org.eclipse.update.feature' id='org.eclipse.rcp' version='3.6.2.r362_v20101104-9SAxFMKFkSAqi8axkv1ZjegmiBLY'>
      <properties size='1'>
        <property name='download.size' value='31407'/>
      </properties>
      <repositoryProperties size='1'>
        <property name='artifact.folder' value='true'/>
      </repositoryProperties>
    </artifact>
    <artifact classifier='osgi.bundle' id='org.apache.commons.logging' version='1.0.4.v201005080501'>
      <properties size='1'>
        <property name='download.size' value='45398'/>
      </properties>
    </artifact>
    <artifact classifier='osgi.bundle' id='org.junit' version='4.8.1.v4_8_1_v20100427-1100'>
      <properties size='1'>
        <property name='download.size' value='202270'/>
      </properties>
      <repositoryProperties size='1'>
        <property name='artifact.folder' value='true'/>
      </repositoryProperties>
    </artifact>
    <artifact classifier='osgi.bundle' id='org.eclipse.wst.dtd.ui' version='1.0.500.v201004290328'>
      <properties size='1'>
        <property name='download.size' value='218309'/>
      </properties>
    </artifact>
    <artifact classifier='osgi.bundle' id='org.eclipse.compare' version='3.5.101.R36x_v20100929-0800'>
      <properties size='1'>
        <property name='download.size' value='733221'/>
      </properties>
    </artifact>
    <artifact classifier='osgi.bundle' id='org.eclipse.core.boot' version='3.1.200.v20100505'>
      <properties size='1'>
        <property name='download.size' value='6262'/>
      </properties>
    </artifact>
    <artifact classifier='osgi.bundle' id='com.jcraft.jsch' version='0.1.41.v200903070017'>
      <properties size='1'>
        <property name='download.size' value='226756'/>
      </properties>
    </artifact>
    <artifact classifier='osgi.bundle' id='org.eclipse.mylyn.wikitext.ui' version='1.3.0.v20100608-0100-e3x'>
      <properties size='1'>
        <property name='download.size' value='405209'/>
      </properties>
    </artifact>
    <artifact classifier='osgi.bundle' id='org.eclipse.team.cvs.core' version='3.3.301.R36x_v20110119-0815'>
      <properties size='1'>
        <property name='download.size' value='578705'/>
      </properties>
    </artifact>
    <artifact classifier='osgi.bundle' id='org.eclipse.ui.externaltools' version='3.2.0.v20100427'>
      <properties size='1'>
        <property name='download.size' value='134609'/>
      </properties>
    </artifact>
    <artifact classifier='osgi.bundle' id='org.mortbay.jetty.server' version='6.1.23.v201004211559'>
      <properties size='1'>
        <property name='download.size' value='557434'/>
      </properties>
    </artifact>
    <artifact classifier='osgi.bundle' id='org.eclipse.mylyn.wikitext.tasks.ui' version='1.3.1.v20100823-0100-e3x'>
      <properties size='1'>
        <property name='download.size' value='64727'/>
      </properties>
    </artifact>
    <artifact classifier='osgi.bundle' id='org.eclipse.ecf.provider.filetransfer' version='3.1.0.v20100906-1425'>
      <properties size='1'>
        <property name='download.size' value='125181'/>
      </properties>
    </artifact>
    <artifact classifier='osgi.bundle' id='org.eclipse.mylyn.wikitext.mediawiki.ui' version='1.3.0.v20100608-0100-e3x'>
      <properties size='1'>
        <property name='download.size' value='10087'/>
      </properties>
    </artifact>
    <artifact classifier='osgi.bundle' id='org.eclipse.core.runtime.compatibility.auth' version='3.2.200.v20100517'>
      <properties size='1'>
        <property name='download.size' value='22809'/>
      </properties>
    </artifact>
    <artifact classifier='osgi.bundle' id='org.apache.lucene' version='1.9.1.v20100518-1140'>
      <properties size='1'>
        <property name='download.size' value='445306'/>
      </properties>
    </artifact>
    <artifact classifier='osgi.bundle' id='org.eclipse.equinox.p2.metadata.generator' version='1.0.202.R36x_v20101208-1400'>
      <properties size='1'>
        <property name='download.size' value='133200'/>
      </properties>
    </artifact>
    <artifact classifier='osgi.bundle' id='org.eclipse.jdt.ui' version='3.6.2.r362_v20110203'>
      <properties size='1'>
        <property name='download.size' value='9992192'/>
      </properties>
    </artifact>
    <artifact classifier='osgi.bundle' id='org.eclipse.team.cvs.ui' version='3.3.302.R36x_v20110203-1036'>
      <properties size='1'>
        <property name='download.size' value='1665510'/>
      </properties>
    </artifact>
    <artifact classifier='osgi.bundle' id='org.eclipse.team.core' version='3.5.101.R36x_v20110203-1036'>
      <properties size='1'>
        <property name='download.size' value='386295'/>
      </properties>
    </artifact>
    <artifact classifier='osgi.bundle' id='org.eclipse.mylyn.java.ui' version='3.4.0.v20100608-0100-e3x'>
      <properties size='1'>
        <property name='download.size' value='152804'/>
      </properties>
    </artifact>
    <artifact classifier='osgi.bundle' id='org.eclipse.update.core.win32' version='3.2.200.v20100512'>
      <properties size='1'>
        <property name='download.size' value='86328'/>
      </properties>
    </artifact>
    <artifact classifier='org.eclipse.update.feature' id='org.eclipse.cvs' version='1.2.1.r362_v20101111-7B77FKv99HL0GvIAF99I8H14B7E'>
      <properties size='1'>
        <property name='download.size' value='30460'/>
      </properties>
      <repositoryProperties size='1'>
        <property name='artifact.folder' value='true'/>
      </repositoryProperties>
    </artifact>
  </artifacts>
</repository>
