<?xml version="1.0" encoding="UTF-8"?>
<feature
      id="org.eclipse.platform"
      label="%featureName"
      version="3.6.2.r362_v20110210-9gF78Gs1FrIGnHDHWkEcopoN8AmxeZflGDGKQi"
      provider-name="%providerName"
      image="eclipse_update_120.jpg">

   <description>
      %description
   </description>

   <copyright>
      %copyright
   </copyright>

   <license url="%licenseURL">
      %license
   </license>

   <url>
      <update label="%updateSiteName" url="http://download.eclipse.org/eclipse/updates/3.5"/>
      <discovery label="%updateSiteName" url="http://download.eclipse.org/eclipse/updates/3.5"/>
      <discovery label="%secondaryUpdateSiteName" url="http://download.eclipse.org/releases/galileo"/>
   </url>

   <includes
         id="org.eclipse.rcp"
         version="3.6.2.r362_v20101104-9SAxFMKFkSAqi8axkv1ZjegmiBLY"/>

   <includes
         id="org.eclipse.equinox.p2.user.ui"
         version="2.0.1.r361_v20100903-897HFa-FX0z-z-ntoaavz0JPX628"
         optional="true"/>

   <includes
         id="org.eclipse.help"
         version="1.2.1.r362_v20101111-7e7jEVFDr6xg-LSlC_z0w1D"/>

   <plugin
         id="org.apache.ant"
         download-size="0"
         install-size="0"
         version="1.7.1.v20100518-1145"/>

   <plugin
         id="org.eclipse.ant.core"
         download-size="0"
         install-size="0"
         version="3.2.201.v20110203_r362"
         unpack="false"/>

   <plugin
         id="com.jcraft.jsch"
         download-size="0"
         install-size="0"
         version="0.1.41.v200903070017"
         unpack="false"/>

   <plugin
         id="org.eclipse.compare.core"
         download-size="0"
         install-size="0"
         version="3.5.101.R36x_v20100929-0800"
         unpack="false"/>

   <plugin
         id="org.eclipse.compare"
         download-size="0"
         install-size="0"
         version="3.5.101.R36x_v20100929-0800"
         unpack="false"/>

   <plugin
         id="org.eclipse.compare.win32"
         os="win32"
         download-size="0"
         install-size="0"
         version="1.0.101.R36x_v20101103-0618"
         unpack="false"/>

   <plugin
         id="org.eclipse.core.boot"
         download-size="0"
         install-size="0"
         version="3.1.200.v20100505"
         unpack="false"/>

   <plugin
         id="org.eclipse.core.filebuffers"
         download-size="0"
         install-size="0"
         version="3.5.100.v20100520-0800"
         unpack="false"/>

   <plugin
         id="org.eclipse.core.filesystem"
         download-size="0"
         install-size="0"
         version="1.3.1.R36x_v20100727-0745"
         unpack="false"/>

   <plugin
         id="org.eclipse.core.net"
         download-size="0"
         install-size="0"
         version="1.2.100.I20100511-0800"
         unpack="false"/>

   <plugin
         id="org.eclipse.core.net.win32.x86"
         os="win32"
         arch="x86"
         download-size="0"
         install-size="0"
         version="1.0.100.I20100511-0800"
         fragment="true"
         unpack="false"/>

   <plugin
         id="org.eclipse.core.net.linux.x86_64"
         os="linux"
         arch="x86_64"
         download-size="0"
         install-size="0"
         version="1.1.0.I20100505-1245"
         fragment="true"
         unpack="false"/>

   <plugin
         id="org.eclipse.core.net.win32.x86_64"
         os="win32"
         arch="x86_64"
         download-size="0"
         install-size="0"
         version="1.0.100.I20100505-1245"
         fragment="true"
         unpack="false"/>

   <plugin
         id="org.eclipse.core.net.linux.x86"
         os="linux"
         arch="x86"
         download-size="0"
         install-size="0"
         version="1.1.100.R36x_v20100825-0800"
         fragment="true"
         unpack="false"/>

   <plugin
         id="org.eclipse.core.resources"
         download-size="0"
         install-size="0"
         version="3.6.1.R36x_v20110131-1630"
         unpack="false"/>

   <plugin
         id="org.eclipse.core.runtime.compatibility"
         download-size="0"
         install-size="0"
         version="3.2.100.v20100505"
         unpack="false"/>

   <plugin
         id="org.eclipse.core.runtime.compatibility.registry"
         download-size="0"
         install-size="0"
         version="3.3.0.v20100520"
         fragment="true"/>

   <plugin
         id="org.eclipse.osgi.util"
         download-size="0"
         install-size="0"
         version="3.2.100.v20100503"
         unpack="false"/>

   <plugin
         id="org.eclipse.debug.core"
         download-size="0"
         install-size="0"
         version="3.6.0.v20100519"
         unpack="false"/>

   <plugin
         id="org.eclipse.debug.ui"
         download-size="0"
         install-size="0"
         version="3.6.3.v20101201_r362"
         unpack="false"/>

   <plugin
         id="org.eclipse.equinox.event"
         download-size="0"
         install-size="0"
         version="1.2.0.v20100503"
         unpack="false"/>

   <plugin
         id="org.eclipse.help.appserver"
         download-size="0"
         install-size="0"
         version="3.1.400.v20100427"
         unpack="false"/>

   <plugin
         id="org.eclipse.ltk.core.refactoring"
         download-size="0"
         install-size="0"
         version="3.5.101.r362_v20101117-0800"
         unpack="false"/>

   <plugin
         id="org.eclipse.ltk.ui.refactoring"
         download-size="0"
         install-size="0"
         version="3.5.0.v20100526-0800"
         unpack="false"/>

   <plugin
         id="org.eclipse.platform"
         download-size="0"
         install-size="0"
         version="3.6.2.v201102101200"/>

   <plugin
         id="org.eclipse.platform.doc.user"
         download-size="0"
         install-size="0"
         version="3.6.2.r362_v20101117-0800"
         unpack="false"/>

   <plugin
         id="org.eclipse.search"
         download-size="0"
         install-size="0"
         version="3.6.0.v20100520-0800"
         unpack="false"/>

   <plugin
         id="org.eclipse.team.core"
         download-size="0"
         install-size="0"
         version="3.5.101.R36x_v20110203-1036"
         unpack="false"/>

   <plugin
         id="org.eclipse.team.ui"
         download-size="0"
         install-size="0"
         version="3.5.102.R36x_v20110203-1036"
         unpack="false"/>

   <plugin
         id="org.eclipse.text"
         download-size="0"
         install-size="0"
         version="3.5.0.v20100601-1300"
         unpack="false"/>

   <plugin
         id="org.eclipse.jface.text"
         download-size="0"
         install-size="0"
         version="3.6.1.r361_v20100825-0800"
         unpack="false"/>

   <plugin
         id="org.eclipse.jsch.core"
         download-size="0"
         install-size="0"
         version="1.1.200.I20100505-1245"
         unpack="false"/>

   <plugin
         id="org.eclipse.jsch.ui"
         download-size="0"
         install-size="0"
         version="1.1.300.I20100505-1245"
         unpack="false"/>

   <plugin
         id="org.eclipse.ui.console"
         download-size="0"
         install-size="0"
         version="3.5.0.v20100526"
         unpack="false"/>

   <plugin
         id="org.eclipse.ui.presentations.r21"
         download-size="0"
         install-size="0"
         version="3.2.200.I20100517-1500"
         unpack="false"/>

   <plugin
         id="org.eclipse.ui.intro"
         download-size="0"
         install-size="0"
         version="3.4.0.v20100427"
         unpack="false"/>

   <plugin
         id="org.eclipse.ui.intro.universal"
         download-size="0"
         install-size="0"
         version="3.2.402.r36_v20100702"/>

   <plugin
         id="org.eclipse.ui.cheatsheets"
         download-size="0"
         install-size="0"
         version="3.4.0.v20100427"
         unpack="false"/>

   <plugin
         id="org.eclipse.ui.browser"
         download-size="0"
         install-size="0"
         version="3.3.1.r36_20101216"
         unpack="false"/>

   <plugin
         id="org.eclipse.ui.navigator"
         download-size="0"
         install-size="0"
         version="3.5.0.I20100601-0800"
         unpack="false"/>

   <plugin
         id="org.eclipse.ui.navigator.resources"
         download-size="0"
         install-size="0"
         version="3.4.202.M20101124-0800"
         unpack="false"/>

   <plugin
         id="org.eclipse.ui.net"
         download-size="0"
         install-size="0"
         version="1.2.100.I20100505-1245"
         unpack="false"/>

   <plugin
         id="org.eclipse.ui.workbench.texteditor"
         download-size="0"
         install-size="0"
         version="3.6.1.r361_v20100714-0800"
         unpack="false"/>

   <plugin
         id="org.eclipse.ui.views"
         download-size="0"
         install-size="0"
         version="3.5.1.M20110202-0800"
         unpack="false"/>

   <plugin
         id="org.eclipse.ui.editors"
         download-size="0"
         install-size="0"
         version="3.6.1.r361_v20100825-0800"
         unpack="false"/>

   <plugin
         id="org.eclipse.ui.externaltools"
         download-size="0"
         install-size="0"
         version="3.2.0.v20100427"
         unpack="false"/>

   <plugin
         id="org.eclipse.ui.ide"
         download-size="0"
         install-size="0"
         version="3.6.2.M20101201-0800"
         unpack="false"/>

   <plugin
         id="org.eclipse.ui.ide.application"
         download-size="0"
         install-size="0"
         version="1.0.201.M20100707-0800"
         unpack="false"/>

   <plugin
         id="org.eclipse.ui.win32"
         ws="win32"
         download-size="0"
         install-size="0"
         version="3.2.200.I20100509-0800"
         fragment="true"
         unpack="false"/>

   <plugin
         id="org.eclipse.update.core"
         download-size="0"
         install-size="0"
         version="3.2.402.R36x_v20100629"
         unpack="false"/>

   <plugin
         id="org.eclipse.update.scheduler"
         download-size="0"
         install-size="0"
         version="3.2.300.v20100512"
         unpack="false"/>

   <plugin
         id="org.eclipse.update.ui"
         download-size="0"
         install-size="0"
         version="3.2.300.v20100512"
         unpack="false"/>

   <plugin
         id="org.eclipse.ui.workbench.compatibility"
         download-size="0"
         install-size="0"
         version="3.2.100.I20100511-0800"
         fragment="true"/>

   <plugin
         id="org.eclipse.core.filesystem.aix.ppc"
         os="aix"
         arch="ppc"
         download-size="0"
         install-size="0"
         version="1.1.0.v20100505-1235"
         fragment="true"
         unpack="false"/>

   <plugin
         id="org.eclipse.core.filesystem.hpux.ia64_32"
         os="hpux"
         arch="ia64_32"
         download-size="0"
         install-size="0"
         version="1.0.100.v20100505"
         fragment="true"
         unpack="false"/>

   <plugin
         id="org.eclipse.core.filesystem.linux.ppc"
         os="linux"
         arch="ppc"
         download-size="0"
         install-size="0"
         version="1.0.200.v20100505-1235"
         fragment="true"
         unpack="false"/>

   <plugin
         id="org.eclipse.core.filesystem.linux.x86"
         os="linux"
         arch="x86"
         download-size="0"
         install-size="0"
         version="1.4.0.v20100505-1235"
         fragment="true"
         unpack="false"/>

   <plugin
         id="org.eclipse.core.filesystem.linux.x86_64"
         os="linux"
         arch="x86_64"
         download-size="0"
         install-size="0"
         version="1.2.0.v20100505-1235"
         fragment="true"
         unpack="false"/>

   <plugin
         id="org.eclipse.core.filesystem.solaris.sparc"
         os="solaris"
         arch="sparc"
         download-size="0"
         install-size="0"
         version="1.2.0.v20100505-1235"
         fragment="true"
         unpack="false"/>

   <plugin
         id="org.eclipse.core.filesystem.macosx"
         os="macosx"
         download-size="0"
         install-size="0"
         version="1.3.0.v20100505"
         fragment="true"
         unpack="false"/>

   <plugin
         id="org.eclipse.core.filesystem.win32.x86"
         os="win32"
         arch="x86"
         download-size="0"
         install-size="0"
         version="1.1.201.R36x_v20100727-0745"
         fragment="true"
         unpack="false"/>

   <plugin
         id="org.eclipse.core.resources.win32.x86"
         os="win32"
         arch="x86"
         download-size="0"
         install-size="0"
         version="3.5.100.v20100505-1345"
         fragment="true"
         unpack="false"/>

   <plugin
         id="org.eclipse.core.filesystem.win32.x86_64"
         os="win32"
         arch="x86_64"
         download-size="0"
         install-size="0"
         version="1.1.201.R36x_v20100727-0745"
         fragment="true"
         unpack="false"/>

   <plugin
         id="org.eclipse.core.variables"
         download-size="0"
         install-size="0"
         version="3.2.400.v20100505"
         unpack="false"/>

   <plugin
         id="org.eclipse.ui.forms"
         download-size="0"
         install-size="0"
         version="3.5.2.r36_v20100702"
         unpack="false"/>

   <plugin
         id="org.eclipse.update.core.linux"
         os="linux"
         arch="x86"
         download-size="0"
         install-size="0"
         version="3.2.200.v20100512"
         fragment="true"
         unpack="false"/>

   <plugin
         id="org.eclipse.update.core.win32"
         os="win32"
         download-size="0"
         install-size="0"
         version="3.2.200.v20100512"
         fragment="true"
         unpack="false"/>

   <plugin
         id="org.eclipse.ui.views.properties.tabbed"
         download-size="0"
         install-size="0"
         version="3.5.100.I20100509-0800"
         unpack="false"/>

   <plugin
         id="org.eclipse.equinox.security"
         download-size="0"
         install-size="0"
         version="1.0.200.v20100503"
         unpack="false"/>

   <plugin
         id="org.eclipse.equinox.security.ui"
         download-size="0"
         install-size="0"
         version="1.0.200.v20100503"
         unpack="false"/>

   <plugin
         id="org.eclipse.equinox.security.win32.x86"
         os="win32"
         arch="x86"
         download-size="0"
         install-size="0"
         version="1.0.200.v20100503"
         fragment="true"
         unpack="false"/>

   <plugin
         id="org.eclipse.equinox.security.macosx"
         os="macosx"
         arch="x86"
         download-size="0"
         install-size="0"
         version="1.100.100.v20100503"
         fragment="true"
         unpack="false"/>

   <plugin
         id="org.eclipse.equinox.security.macosx"
         os="macosx"
         arch="x86_64"
         download-size="0"
         install-size="0"
         version="1.100.100.v20100503"
         fragment="true"
         unpack="false"/>

   <plugin
         id="org.eclipse.equinox.security.macosx"
         os="macosx"
         arch="ppc"
         download-size="0"
         install-size="0"
         version="1.100.100.v20100503"
         fragment="true"
         unpack="false"/>

   <plugin
         id="org.eclipse.core.externaltools"
         download-size="0"
         install-size="0"
         version="1.0.1.v20100831_r361"
         unpack="false"/>

</feature>
