<?xml version="1.0" encoding="UTF-8"?>
<config transient="false" date="1298021512769">
	<site enabled="true" updateable="true" policy="USER-EXCLUDE" url="platform:/base/">
		<feature id="org.eclipse.mylyn.bugzilla_feature" plugin-identifier="org.eclipse.mylyn" url="features/org.eclipse.mylyn.bugzilla_feature_3.4.3.v20110131-0100-e3x-7D774BgJ9DI9YFV4CICE2KAv/" version="3.4.3.v20110131-0100-e3x-7D774BgJ9DI9YFV4CICE2KAv">
		</feature>
		<feature id="org.eclipse.rcp" url="features/org.eclipse.rcp_3.6.2.r362_v20101104-9SAxFMKFkSAqi8axkv1ZjegmiBLY/" version="3.6.2.r362_v20101104-9SAxFMKFkSAqi8axkv1ZjegmiBLY">
		</feature>
		<feature id="org.eclipse.mylyn.team_feature" plugin-identifier="org.eclipse.mylyn" url="features/org.eclipse.mylyn.team_feature_3.4.3.v20110131-0200-e3x-4327w31221242012110f4y/" version="3.4.3.v20110131-0200-e3x-4327w31221242012110f4y">
		</feature>
		<feature id="org.eclipse.jdt" url="features/org.eclipse.jdt_3.6.2.r362_v20101117-0800-7z8XFW6FLFlmjJcvz03jyeFBLS_F/" version="3.6.2.r362_v20101117-0800-7z8XFW6FLFlmjJcvz03jyeFBLS_F">
		</feature>
		<feature id="org.eclipse.wst.xml_core.feature" url="features/org.eclipse.wst.xml_core.feature_3.2.3.v201102160550-7C7OFXcF7RZHQKIkMxMsW_/" version="3.2.3.v201102160550-7C7OFXcF7RZHQKIkMxMsW_">
		</feature>
		<feature id="org.eclipse.epp.package.common.feature" url="features/org.eclipse.epp.package.common.feature_1.3.2.20110218-0812/" version="1.3.2.20110218-0812">
		</feature>
		<feature id="org.eclipse.mylyn.java_feature" plugin-identifier="org.eclipse.mylyn" url="features/org.eclipse.mylyn.java_feature_3.4.3.v20110131-0100-e3x-7D7F-AkF7B77V7c37B775eMp/" version="3.4.3.v20110131-0100-e3x-7D7F-AkF7B77V7c37B775eMp">
		</feature>
		<feature id="org.eclipse.equinox.p2.user.ui" url="features/org.eclipse.equinox.p2.user.ui_2.0.1.r361_v20100903-897HFa-FX0z-z-ntoaavz0JPX628/" version="2.0.1.r361_v20100903-897HFa-FX0z-z-ntoaavz0JPX628">
		</feature>
		<feature id="org.eclipse.platform" url="features/org.eclipse.platform_3.6.2.r362_v20110210-9gF78Gs1FrIGnHDHWkEcopoN8AmxeZflGDGKQi/" version="3.6.2.r362_v20110210-9gF78Gs1FrIGnHDHWkEcopoN8AmxeZflGDGKQi">
		</feature>
		<feature id="org.eclipse.equinox.p2.discovery.feature" url="features/org.eclipse.equinox.p2.discovery.feature_1.0.1.R36x_v20110210-4-09oB5865H6L02434/" version="1.0.1.R36x_v20110210-4-09oB5865H6L02434">
		</feature>
		<feature id="org.eclipse.mylyn.ide_feature" plugin-identifier="org.eclipse.mylyn" url="features/org.eclipse.mylyn.ide_feature_3.4.3.v20110131-0100-e3x-7G7J5BgJ9EC9QKN49E997JSm/" version="3.4.3.v20110131-0100-e3x-7G7J5BgJ9EC9QKN49E997JSm">
		</feature>
		<feature id="org.eclipse.cvs" url="features/org.eclipse.cvs_1.2.1.r362_v20101111-7B77FKv99HL0GvIAF99I8H14B7E/" version="1.2.1.r362_v20101111-7B77FKv99HL0GvIAF99I8H14B7E">
		</feature>
		<feature id="org.eclipse.epp.mpc" plugin-identifier="org.eclipse.epp.mpc.ui" url="features/org.eclipse.epp.mpc_1.0.1.v20100826-2143/" version="1.0.1.v20100826-2143">
		</feature>
		<feature id="org.eclipse.epp.usagedata.feature" url="features/org.eclipse.epp.usagedata.feature_1.3.1.R201102081640/" version="1.3.1.R201102081640">
		</feature>
		<feature id="org.eclipse.mylyn.context_feature" plugin-identifier="org.eclipse.mylyn" url="features/org.eclipse.mylyn.context_feature_3.4.3.v20110131-0100-e3x-777728s73543D6D135332KAv/" version="3.4.3.v20110131-0100-e3x-777728s73543D6D135332KAv">
		</feature>
		<feature id="org.eclipse.help" plugin-identifier="org.eclipse.help.base" url="features/org.eclipse.help_1.2.1.r362_v20101111-7e7jEVFDr6xg-LSlC_z0w1D/" version="1.2.1.r362_v20101111-7e7jEVFDr6xg-LSlC_z0w1D">
		</feature>
		<feature id="org.eclipse.wst.xml_userdoc.feature" url="features/org.eclipse.wst.xml_userdoc.feature_3.2.101.v201102161624-50FXNAkF7B77RBgFFBF/" version="3.2.101.v201102161624-50FXNAkF7B77RBgFFBF">
		</feature>
		<feature id="org.eclipse.wst.xml_ui.feature" plugin-identifier="org.eclipse.wst.xml.ui" url="features/org.eclipse.wst.xml_ui.feature_3.2.3.v201102160550-7H7AFUWDxumQJOi9ghcTb5YgkwEZ/" version="3.2.3.v201102160550-7H7AFUWDxumQJOi9ghcTb5YgkwEZ">
		</feature>
		<feature id="org.eclipse.wst.common_ui.feature" url="features/org.eclipse.wst.common_ui.feature_3.2.3.v201011031800-7C78FPlEdhO_oXWe4k_elbMgT1Lq/" version="3.2.3.v201011031800-7C78FPlEdhO_oXWe4k_elbMgT1Lq">
		</feature>
		<feature id="org.eclipse.epp.package.java.feature" plugin-identifier="org.eclipse.epp.package.java" url="features/org.eclipse.epp.package.java.feature_1.3.2.20110218-0812/" version="1.3.2.20110218-0812">
		</feature>
		<feature id="org.eclipse.mylyn_feature" plugin-identifier="org.eclipse.mylyn" url="features/org.eclipse.mylyn_feature_3.4.3.v20110131-0100-e3x-7Z7f7AFBBoPbVQ7iNFebXJDypa/" version="3.4.3.v20110131-0100-e3x-7Z7f7AFBBoPbVQ7iNFebXJDypa">
		</feature>
		<feature id="org.eclipse.wst.common_core.feature" url="features/org.eclipse.wst.common_core.feature_3.2.3.v201011031800-7B7DFEsF7RZHOaLfS0KpNJ/" version="3.2.3.v201011031800-7B7DFEsF7RZHOaLfS0KpNJ">
		</feature>
		<feature id="org.eclipse.mylyn.wikitext_feature" plugin-identifier="org.eclipse.mylyn" url="features/org.eclipse.mylyn.wikitext_feature_1.3.2.v20100916-0100-e3x-7F7e1FC7sReRSnX-DReRRMHHM/" version="1.3.2.v20100916-0100-e3x-7F7e1FC7sReRSnX-DReRRMHHM">
		</feature>
	</site>
</config>
